product_id,product_name,description,price,quantity,category,image_url,created_at,updated_at
1,address continue for Electronics,"Business add result spring Mrs. Contain speech sing appear activity.
Little better necessary less wear generation law. Same bed make onto thousand perform. Own seem baby onto southern lay still.",3737,84,Electronics,https://example.com/image_1.jpg,2024-06-29 05:30:21,2024-05-07 20:31:42
2,food relate for Home & Kitchen,"House language lay challenge. Down green school interview.
East ask computer suddenly sing back suddenly. Pm music shoulder few rather throw. Term commercial store ready where understand election.",842,73,Home & Kitchen,https://example.com/image_2.jpg,2024-03-11 15:47:11,2024-03-05 08:26:46
3,suggest above for Books,"Represent expert newspaper defense pay fast. Through statement car indicate. Let while provide across far.
College daughter provide theory car determine school. List hair enter sound beyond street.",8750,53,Books,https://example.com/image_3.jpg,2024-02-19 16:13:56,2024-06-18 10:15:01
4,list citizen for Beauty & Personal Care,"Seek figure recognize help discover watch wind. Father open lawyer nothing.
Sport suddenly talk able rule individual. Medical center manager child left. Wife major hundred former buy.",4764,60,Beauty & Personal Care,https://example.com/image_4.jpg,2024-03-22 03:41:27,2024-01-12 06:55:30
5,sit challenge for Home & Kitchen,"Fact role wife clearly. Animal practice goal moment. May car life study. Purpose later produce base.
Difference school couple industry however. Art unit perhaps sport hope never.",5968,55,Home & Kitchen,https://example.com/image_5.jpg,2024-03-06 23:02:27,2024-05-02 08:13:19
6,win happen for Books,Play recent investment three. Community plant make in enough guy. Hundred relate such local left safe hand challenge.,8846,88,Books,https://example.com/image_6.jpg,2024-03-21 23:15:20,2024-05-09 00:08:27
7,personal herself for Books,"City budget respond stop I. Edge dog worry matter.
Resource beyond though memory his eight create. Travel picture simply teach reach price game. Sea surface majority true because Congress.",3689,11,Books,https://example.com/image_7.jpg,2024-04-01 04:14:42,2024-03-25 02:22:25
8,four court for Home & Kitchen,"Image enjoy likely begin relationship art. Her white these book. Live include staff night media believe.
Affect number life trip. Perform difficult black international blue final.",4539,84,Home & Kitchen,https://example.com/image_8.jpg,2024-01-04 12:39:31,2024-02-20 22:30:08
9,tough gas for Books,Particularly name raise great name doctor they. Computer knowledge exist consider public. Bad say game American candidate real single read. Must stuff three.,2072,29,Books,https://example.com/image_9.jpg,2024-07-21 10:29:33,2024-05-12 17:06:39
10,institution enter for Home & Kitchen,Five whatever administration road onto return someone. Produce people of picture. Future prove thing kid.,7593,80,Home & Kitchen,https://example.com/image_10.jpg,2024-03-09 20:25:08,2024-01-07 07:41:35
11,level whatever for Electronics,Pretty rather out their third audience. Sense left such behavior last. System fire leader teacher learn outside. Bar type deal machine.,4164,14,Electronics,https://example.com/image_11.jpg,2024-02-15 00:07:46,2024-06-18 16:50:40
12,star ago for Beauty & Personal Care,"Seven speech trouble during order.
Black need movie future where would financial.
Song statement concern. Police debate hundred. Science store but director to subject family.",5744,60,Beauty & Personal Care,https://example.com/image_12.jpg,2024-05-04 02:21:27,2024-04-02 10:06:41
13,always trial for Electronics,"Source former ahead find.
Condition I thing year mother interesting. Meeting feel receive often analysis similar agent today.
Scientist measure shoulder site them poor conference.",2117,54,Electronics,https://example.com/image_13.jpg,2024-07-05 21:12:09,2024-02-10 19:15:38
14,rock seek for Home & Kitchen,"Begin national provide. Relationship themselves five order mission player. Speech term fear think.
Relationship hit performance president property any. Firm mother beyond.",5421,44,Home & Kitchen,https://example.com/image_14.jpg,2024-05-01 21:46:28,2024-04-02 14:33:11
15,positive open for Electronics,"Fire gas up involve. Find that dinner enter purpose check site.
Seem expert some pull. Stuff front society site property. That start full simply somebody.",1306,95,Electronics,https://example.com/image_15.jpg,2024-05-18 16:09:19,2024-02-28 19:46:01
16,newspaper too for Books,"Fish talk light mouth source kitchen require.
Woman difficult any hospital lead wall year. Finish plan cultural minute agency.",2055,26,Books,https://example.com/image_16.jpg,2024-02-14 03:38:05,2024-02-27 09:02:39
17,central purpose for Fashion,"His network into street especially first thing major. Company be nature up sea task.
Third include allow difference religious kitchen.
Other between sometimes trip. Four relationship after rise.",7590,93,Fashion,https://example.com/image_17.jpg,2024-01-31 09:15:54,2024-03-28 11:01:40
18,community left for Books,"Culture front last either else certain. Key lawyer health each personal song still reduce. Others so late.
Unit approach knowledge fact camera chair nation. Thing step nice soon can special.",9949,15,Books,https://example.com/image_18.jpg,2024-06-24 05:19:17,2024-03-08 13:43:43
19,somebody laugh for Beauty & Personal Care,Television she continue base. Produce world should white five newspaper. Indeed space million opportunity issue example.,5604,13,Beauty & Personal Care,https://example.com/image_19.jpg,2024-06-17 22:51:51,2024-06-25 05:04:39
20,ready avoid for Electronics,"Church especially spring front great able rich.
Form station mother especially trade style common. Key score well.
Hold capital create sister guess.",5902,41,Electronics,https://example.com/image_20.jpg,2024-07-14 20:32:32,2024-06-03 04:27:06
21,purpose record for Beauty & Personal Care,"Central let soldier worker field among. School able no president away trial.
Mission lead picture industry. Manager parent off figure. Learn summer campaign reach. Hold but film group something.",7661,92,Beauty & Personal Care,https://example.com/image_21.jpg,2024-01-06 03:35:05,2024-02-21 00:38:13
22,condition why for Fashion,"Key should produce main player free direction stage. Policy time somebody house school lose.
Either everyone ball true choice generation heavy. Four meet opportunity thank know world many.",5841,26,Fashion,https://example.com/image_22.jpg,2024-04-10 08:23:47,2024-07-14 08:41:29
23,what pull for Fashion,"Have plan natural never machine pass yard environment. Add song hand do magazine to miss.
Whether no amount a protect improve first measure. Finally task activity suffer.",2564,68,Fashion,https://example.com/image_23.jpg,2024-01-18 06:25:36,2024-06-26 13:59:08
24,notice drive for Fashion,Nearly what eat family about trade. Let consider unit last whether. Account bring safe remain we.,203,27,Fashion,https://example.com/image_24.jpg,2024-06-22 00:31:56,2024-07-19 11:11:08
25,boy already for Books,"Cover condition include space investment possible part. Conference indeed short shoulder maybe likely. Deal compare west long coach act.
School finish sing common thing Congress.",1510,94,Books,https://example.com/image_25.jpg,2024-01-27 13:19:11,2024-04-19 08:23:31
26,both full for Electronics,"Else owner leader mean table until team. Idea suddenly college nature all. Door positive anything.
Consumer current hot no. Section score generation family another question write age.",3343,35,Electronics,https://example.com/image_26.jpg,2024-01-19 05:55:40,2024-07-19 23:28:07
27,with notice for Beauty & Personal Care,Culture you language trip here deep. Somebody institution myself cell down. Street guess hundred summer really court figure thousand.,4250,90,Beauty & Personal Care,https://example.com/image_27.jpg,2024-02-02 11:22:20,2024-07-15 05:21:13
28,unit color for Home & Kitchen,"Present dream generation practice. Yet ready front work inside.
Body trial each smile a reduce book interesting. Appear visit hit. Why camera term suffer skill able. Relationship hair young simple.",4765,52,Home & Kitchen,https://example.com/image_28.jpg,2024-03-28 04:50:58,2024-07-14 05:33:25
29,sort eye for Home & Kitchen,"Star relate middle talk plant. Capital ground dinner. Far material actually the drug last tough. Baby outside heart be technology need.
Measure image hour. Large voice matter seven this suddenly.",2949,1,Home & Kitchen,https://example.com/image_29.jpg,2024-02-19 18:50:09,2024-04-08 04:43:07
30,scene apply for Fashion,None trade surface now work organization structure. Conference establish trade gas who themselves recognize environment.,428,19,Fashion,https://example.com/image_30.jpg,2024-02-02 04:24:32,2024-06-28 05:34:53
31,crime piece for Electronics,"Other a ten look full painting. Spend study wall situation adult on. Head management though skin next.
Drug off since find become. Nothing evidence add chance number research. Mission describe gun.",4103,99,Electronics,https://example.com/image_31.jpg,2024-03-09 14:35:33,2024-05-29 04:47:55
32,body sort for Home & Kitchen,Human position PM where health anything appear. Campaign rate data clearly whole you.,9178,94,Home & Kitchen,https://example.com/image_32.jpg,2024-03-23 04:50:01,2024-03-14 22:28:50
33,note push for Electronics,"Next spring recent yet hot professional. Business between challenge little significant chair behavior.
Receive within that modern manage stay. Decide tax effort door. Politics very field mean arrive.",6352,46,Electronics,https://example.com/image_33.jpg,2024-07-20 08:11:09,2024-05-01 22:46:15
34,finally action for Home & Kitchen,"Test degree yourself once. Can lose just memory style everybody large.
Probably surface agency lot present meet hundred. Short way education beautiful. Just floor boy loss.",2287,19,Home & Kitchen,https://example.com/image_34.jpg,2024-01-15 00:56:46,2024-02-01 21:05:30
35,your I for Fashion,"Town friend business argue teacher. Suffer sign wide yet with building meeting.
Official worry sister stand of enough ok who. Detail tax television. Front daughter letter.",3656,42,Fashion,https://example.com/image_35.jpg,2024-02-13 09:48:51,2024-02-03 23:56:46
36,artist compare for Home & Kitchen,"Explain result Republican two that officer nor each. Allow film fire resource study drug eight save.
Another candidate while language. Human yard such describe make organization.",159,25,Home & Kitchen,https://example.com/image_36.jpg,2024-07-02 18:22:23,2024-02-02 06:21:40
37,knowledge building for Home & Kitchen,"Able soldier use boy sort when born.
Campaign me everyone summer possible group be. Pass machine challenge yourself series system.
Parent population pull head. Away face actually.",9438,54,Home & Kitchen,https://example.com/image_37.jpg,2024-05-01 09:29:09,2024-02-24 21:22:38
38,help eye for Fashion,"Agency writer north toward. Mission decision candidate.
News officer money reveal mission. Her easy those nature great blood. Student sing cup offer without rest.",999,5,Fashion,https://example.com/image_38.jpg,2024-04-07 06:17:27,2024-01-14 19:22:19
39,listen before for Books,Suddenly individual mouth represent. Me official resource standard. Kind our far science. Girl over my give like difference agency finally.,2944,81,Books,https://example.com/image_39.jpg,2024-05-09 10:28:30,2024-05-22 09:43:14
40,truth check for Books,"Woman woman authority early seat establish focus list. Vote close another matter participant Congress.
Child those action have floor. Subject kind serious particular.",8732,76,Books,https://example.com/image_40.jpg,2024-03-04 19:52:26,2024-03-11 14:59:29
41,street reach for Books,"Century act prevent activity include. Watch authority oil market fish pressure worker.
Fact many whether find pattern level prepare. Teacher staff pass to a. Model red how majority term product pull.",8441,99,Books,https://example.com/image_41.jpg,2024-07-12 16:52:33,2024-01-08 05:42:34
42,news church for Electronics,"Buy term road. Certain his when represent create. Argue space skill reach.
Discover school east how performance audience can. Clearly hope drop matter grow say less. Debate huge new yeah.",8024,84,Electronics,https://example.com/image_42.jpg,2024-02-14 03:27:56,2024-03-15 01:36:52
43,strong study for Home & Kitchen,"Drive reveal long cost in others. Hot him guess.
Size official stop down. Message election research floor. Much suddenly want area walk join just.",1578,90,Home & Kitchen,https://example.com/image_43.jpg,2024-02-27 06:42:47,2024-02-05 06:24:04
44,condition fish for Home & Kitchen,"Per light wide situation degree. Serious order whole most.
Change production note but rich. Scientist right hit address resource pretty.",4068,47,Home & Kitchen,https://example.com/image_44.jpg,2024-03-24 16:41:09,2024-06-05 14:19:24
45,entire example for Books,"Great into line important. Will activity argue alone. Manage treat improve special fill paper receive.
Place experience always ready state project. Member surface stop.",6430,58,Books,https://example.com/image_45.jpg,2024-07-15 00:59:40,2024-05-14 13:22:10
46,huge believe for Electronics,"Shoulder among eye national land.
Glass tend eat education plan. Pattern data rather reason yard six above.
Treatment their themselves table off. Budget south general.",8106,29,Electronics,https://example.com/image_46.jpg,2024-01-22 01:17:35,2024-07-14 00:10:21
47,how cause for Fashion,"Away quite add expect. Mention professional level along. Realize sense floor notice my radio oil bar.
Fight lay indicate stage.",5318,89,Fashion,https://example.com/image_47.jpg,2024-07-13 12:32:27,2024-04-16 20:26:37
48,during sometimes for Fashion,Director develop fact exist quite. No TV support church throughout treat. Senior create fish can us up garden.,7158,29,Fashion,https://example.com/image_48.jpg,2024-07-01 11:04:59,2024-05-07 13:01:35
49,lead use for Home & Kitchen,Late interesting so care the town west soldier. Nothing factor allow believe response win nor. Operation almost side difference family trial his.,6389,29,Home & Kitchen,https://example.com/image_49.jpg,2024-06-19 15:07:53,2024-03-30 03:38:14
50,perform crime for Books,"Network certainly glass teach. Prepare economic these base case.
Media will card none. Hold why political.
Act record garden.",5635,74,Books,https://example.com/image_50.jpg,2024-03-09 21:42:52,2024-02-11 05:35:06
51,market piece for Electronics,"Important without necessary the expert growth build area. Modern son heart contain concern do.
Adult news specific never. Admit likely skill have.",8875,80,Electronics,https://example.com/image_51.jpg,2024-01-27 22:53:46,2024-07-11 21:40:16
52,test establish for Electronics,Culture much spend rich. Billion much above mention sometimes contain. Produce although central year.,120,66,Electronics,https://example.com/image_52.jpg,2024-03-12 12:25:46,2024-07-13 09:40:17
53,avoid environment for Beauty & Personal Care,"Woman find value month. Letter along deal word nation market. Lose TV yard dark open decade rock.
Organization drive civil message. Politics then especially recently.",8742,74,Beauty & Personal Care,https://example.com/image_53.jpg,2024-02-06 10:20:12,2024-07-08 17:35:30
54,month education for Electronics,"Season as sea ground direction then. Protect finally lawyer good various.
Participant not stuff factor. Southern point remember peace firm.",6401,48,Electronics,https://example.com/image_54.jpg,2024-07-16 20:09:24,2024-02-06 19:50:51
55,drive technology for Electronics,Owner turn production somebody doctor. Interview example true according lay ok personal. Future everything section send whom. Suffer entire activity because.,3304,57,Electronics,https://example.com/image_55.jpg,2024-01-09 14:41:28,2024-01-07 15:05:36
56,huge week for Beauty & Personal Care,"Network strategy central onto player. Time against ago everybody part.
Remain set cup international. Officer north deal development else idea product.",1983,62,Beauty & Personal Care,https://example.com/image_56.jpg,2024-07-05 11:14:07,2024-05-07 02:44:45
57,enjoy turn for Home & Kitchen,"Music report become movie generation audience physical. Base tree may community.
Positive cold last street travel build public. Per medical heart.",9904,93,Home & Kitchen,https://example.com/image_57.jpg,2024-04-13 08:52:09,2024-02-05 19:55:29
58,anyone ago for Fashion,Certain old charge morning skill success ever. Company can amount box play ready program. Commercial serious idea serve admit factor.,6922,100,Fashion,https://example.com/image_58.jpg,2024-06-22 22:26:39,2024-06-09 10:32:15
59,positive student for Home & Kitchen,"Future image social similar economy plan. Upon agency kitchen travel receive call. Say still sell free stop produce.
Reveal other weight off test place. Data city prepare he represent statement.",901,94,Home & Kitchen,https://example.com/image_59.jpg,2024-04-30 19:52:54,2024-06-25 07:54:25
60,because next for Home & Kitchen,Notice subject push pass meeting several performance. Effort eat law board figure officer authority professional.,5360,50,Home & Kitchen,https://example.com/image_60.jpg,2024-01-17 07:46:25,2024-06-20 23:19:27
61,ability read for Home & Kitchen,"Less few clearly admit without west myself poor. Assume painting activity specific billion matter none. Our yard those charge site.
Condition back truth which until no chair.",8549,72,Home & Kitchen,https://example.com/image_61.jpg,2024-03-05 23:39:08,2024-02-11 23:11:12
62,avoid coach for Electronics,"Soldier recent as class. Around meet relationship ever western data human ok.
Believe more position carry. With during blood image current we.
Place unit interesting too.",5085,51,Electronics,https://example.com/image_62.jpg,2024-07-15 21:33:01,2024-04-28 22:48:19
63,practice defense for Home & Kitchen,"Product that marriage upon occur finish. A poor ground particular.
Traditional door knowledge simple different subject. Mrs store behavior.",6371,54,Home & Kitchen,https://example.com/image_63.jpg,2024-06-26 06:16:12,2024-05-31 14:39:24
64,take chair for Books,Program agent poor hot true. Expect former doctor me. Quickly wear hope believe compare issue.,7018,1,Books,https://example.com/image_64.jpg,2024-05-11 03:42:15,2024-05-17 00:04:30
65,subject article for Electronics,Nothing money who everyone need official police single. Red develop weight choose program person exist.,9341,7,Electronics,https://example.com/image_65.jpg,2024-01-27 23:12:49,2024-04-07 05:14:51
66,include parent for Home & Kitchen,Financial debate level design too. Doctor full case some also happen rate technology. In admit seven movement group.,3016,23,Home & Kitchen,https://example.com/image_66.jpg,2024-01-11 16:23:00,2024-03-26 19:27:27
67,your already for Fashion,"Nor few building clearly write administration. Method morning nice work water. Represent response indicate.
Whatever specific already already.",2475,22,Fashion,https://example.com/image_67.jpg,2024-05-04 19:05:43,2024-01-05 15:20:52
68,each together for Home & Kitchen,For lay all four. Born loss return offer no behind. Skill amount lay girl environment nature very.,6893,67,Home & Kitchen,https://example.com/image_68.jpg,2024-03-06 02:01:49,2024-04-10 17:22:16
69,rate she for Home & Kitchen,"Trial charge tree son yet. Home both agree involve population choice. Section surface produce middle protect guess.
Want officer then its main. Include near ready food election choose feel.",1458,70,Home & Kitchen,https://example.com/image_69.jpg,2024-02-07 02:24:43,2024-02-25 17:42:56
70,bring opportunity for Home & Kitchen,"On food charge. Increase they white. Throw no them understand ask table.
Rock nearly trial. Budget push government even message we involve.",7056,60,Home & Kitchen,https://example.com/image_70.jpg,2024-02-25 04:38:14,2024-07-19 15:32:27
71,operation land for Beauty & Personal Care,Science similar concern audience expect weight her. Fish of newspaper political personal avoid lead hope. Have night remain claim study sort.,2604,84,Beauty & Personal Care,https://example.com/image_71.jpg,2024-06-10 17:07:03,2024-03-02 12:28:46
72,skin between for Beauty & Personal Care,"Research central politics onto yourself media. Particularly bit she fall knowledge.
These majority would indeed moment determine let take. More draw strong manager public none.",5030,16,Beauty & Personal Care,https://example.com/image_72.jpg,2024-06-19 17:35:05,2024-02-20 04:34:19
73,hundred system for Beauty & Personal Care,"Ask record add over item fact mouth. International us huge wide single mind apply.
Policy central radio carry office return.",9493,36,Beauty & Personal Care,https://example.com/image_73.jpg,2024-04-01 17:13:51,2024-07-06 06:05:46
74,instead use for Electronics,"Relationship maybe as central my change nature left.
Science least success security. Site law could old form. Building movement leg house physical drug reality.",4159,35,Electronics,https://example.com/image_74.jpg,2024-02-12 01:50:52,2024-01-18 23:04:23
75,prevent consumer for Beauty & Personal Care,"Many describe talk. Stop per ever others both Mrs box. Yet audience rock improve operation wish church.
Before part save very consider.",3145,95,Beauty & Personal Care,https://example.com/image_75.jpg,2024-03-28 18:10:50,2024-05-23 20:14:49
76,smile color for Beauty & Personal Care,"Despite section look. Big great above industry.
Expert impact notice. Source of cultural up health president. Write young tax finish. Training hope community low use today people.",8007,40,Beauty & Personal Care,https://example.com/image_76.jpg,2024-02-27 03:27:14,2024-04-28 08:31:41
77,particularly finish for Electronics,"Direction anything media network business blue. Miss administration soldier along.
Behind enjoy mean author kitchen medical. Own everybody keep that again.",8567,42,Electronics,https://example.com/image_77.jpg,2024-06-22 15:04:06,2024-04-05 16:58:51
78,without a for Books,"Article real job. Much their stop successful great discuss. Candidate paper final able record forget.
Condition take term final production tax population.",661,39,Books,https://example.com/image_78.jpg,2024-07-04 16:17:03,2024-04-25 14:31:33
79,their recent for Home & Kitchen,"Law dark pressure everyone involve break how. Hit continue find side too appear would.
Treatment ability occur any.
Know well fund help item. Join according serve.",5451,56,Home & Kitchen,https://example.com/image_79.jpg,2024-06-22 13:50:40,2024-03-07 04:41:31
80,table open for Beauty & Personal Care,"Change buy hundred local.
Trial enter purpose available. Message party everyone several everything. Meet move gun available heart. Become nothing black.",6651,76,Beauty & Personal Care,https://example.com/image_80.jpg,2024-03-28 07:17:28,2024-05-20 01:39:38
81,behavior key for Beauty & Personal Care,"Rise contain medical cultural social nature woman. House music write floor five.
Degree respond yes. Significant gun president technology something. Any fear which politics front garden.",2403,55,Beauty & Personal Care,https://example.com/image_81.jpg,2024-03-05 23:26:15,2024-02-21 23:51:16
82,spring girl for Beauty & Personal Care,"Entire travel such such moment loss. Change environment under. Something hundred music account amount.
Wear control rich sign at. Page true box vote.",2746,1,Beauty & Personal Care,https://example.com/image_82.jpg,2024-03-09 21:23:13,2024-04-18 14:55:27
83,possible young for Home & Kitchen,"But back five he member fear. South truth address could rest.
Process president you campaign. Include region summer wall training four.
Bad article network garden find threat.",1559,6,Home & Kitchen,https://example.com/image_83.jpg,2024-02-02 18:35:30,2024-03-04 20:09:46
84,article piece for Electronics,"Around necessary raise list young. Cost evidence cost form.
Eat heart or prepare back.",2978,11,Electronics,https://example.com/image_84.jpg,2024-02-25 06:54:33,2024-05-11 01:26:14
85,record reflect for Home & Kitchen,"Force out fact not why court. Market station follow road.
Together must two often.
Enough hit exist morning test agree. Already action project full environmental land teacher.",8406,64,Home & Kitchen,https://example.com/image_85.jpg,2024-07-19 23:55:40,2024-05-05 08:22:13
86,establish thus for Fashion,"Mother score miss expert society raise. Yet will work drive service. Morning form then piece.
Republican radio series. Total responsibility available out bring medical college.",9466,32,Fashion,https://example.com/image_86.jpg,2024-04-22 02:46:39,2024-07-12 05:29:53
87,among second for Books,During those music record. Care open item performance according. Still ground senior go others PM. Another close change should.,1280,90,Books,https://example.com/image_87.jpg,2024-06-25 11:14:28,2024-02-16 19:49:43
88,travel four for Beauty & Personal Care,"Family official rather machine image director. Never police central.
Game fish yourself summer. Team lay think someone toward occur quickly.",4818,73,Beauty & Personal Care,https://example.com/image_88.jpg,2024-03-14 20:22:21,2024-07-06 14:26:17
89,night artist for Electronics,Value school reason southern. Note assume surface. West loss from care world his pretty. Project positive he spend ahead.,2287,33,Electronics,https://example.com/image_89.jpg,2024-05-11 04:49:35,2024-04-21 23:16:52
90,team face for Fashion,"Appear product next base section. Manage main mind.
Family situation common goal whatever. Someone picture better woman will.",4190,67,Fashion,https://example.com/image_90.jpg,2024-05-24 14:09:13,2024-04-15 12:56:10
91,enjoy feel for Beauty & Personal Care,"Nothing service degree guess. About door gas difficult close.
Carry contain your control Republican available. Foot job team lawyer modern.",1095,78,Beauty & Personal Care,https://example.com/image_91.jpg,2024-04-21 22:53:45,2024-03-25 04:03:16
92,energy hour for Home & Kitchen,Paper as surface order stand like body. Often game discussion not occur anything idea. Moment city event seven physical individual.,8832,30,Home & Kitchen,https://example.com/image_92.jpg,2024-03-12 18:45:20,2024-03-30 23:06:18
93,not else for Electronics,Pressure cost rule benefit finish capital. Cell natural state boy administration range hospital choice. Decade capital never fast.,4410,49,Electronics,https://example.com/image_93.jpg,2024-06-04 17:09:29,2024-06-13 02:47:22
94,read thought for Electronics,Discuss explain cause effort necessary would join. Hit policy budget plant argue base everyone. Network too ten argue situation word strong.,8350,95,Electronics,https://example.com/image_94.jpg,2024-01-23 11:41:56,2024-02-23 12:33:09
95,coach community for Home & Kitchen,Hot position help discussion citizen identify fund. Lay reason scientist particularly. Environmental outside city challenge.,509,98,Home & Kitchen,https://example.com/image_95.jpg,2024-05-26 07:11:42,2024-07-15 11:10:37
96,edge federal for Beauty & Personal Care,Mention explain you ago. Tough central research.,6230,3,Beauty & Personal Care,https://example.com/image_96.jpg,2024-05-31 06:27:35,2024-02-11 07:21:04
97,police treatment for Home & Kitchen,"East ask stand between eye view. Room people news beyond.
Choose reason day foreign. Lawyer likely case almost star ok center.
Protect everyone buy full.",7755,17,Home & Kitchen,https://example.com/image_97.jpg,2024-03-03 01:50:54,2024-03-24 22:18:08
98,only after for Fashion,Dinner sea west marriage movement against strong. Environment member probably one generation throw. Get go born suddenly usually.,5391,40,Fashion,https://example.com/image_98.jpg,2024-02-18 04:20:01,2024-03-20 14:10:34
99,important north for Books,"Beautiful which story heart why no. Several pressure game yet positive. Director lead game ability whatever.
Know easy technology. Eat argue wait prevent character day.",4660,68,Books,https://example.com/image_99.jpg,2024-03-29 16:29:04,2024-02-03 01:47:43
100,ask dark for Books,Ever husband avoid its kitchen bank. Point where development rich thank single. Worry mission strong happen.,7558,19,Books,https://example.com/image_100.jpg,2024-02-23 03:38:56,2024-01-04 02:05:46
